"","term","estimate","std.error","statistic","p.value"
"1","(Intercept)",16.998307651419,6.1134921986771,2.78045789525949,0.00631216528042841
"2","SMI",1.20981018840813,0.446706861094972,2.70828656054808,0.00776038322251636
"3","VPD_kPa_int",-0.445722774536746,0.615396460525322,-0.724285567317471,0.470312009767514
"4","wind_mph_interpol",0.75208428708559,0.233013445069423,3.22764330985929,0.00161279675753107
"5","solar_rad_W_sqm_interpol",0.00684773668952241,0.0031900491287423,2.14659286210497,0.0338553892137821
