"","effect","group","term","estimate","std.error","statistic","df","p.value"
"1","fixed",NA,"(Intercept)",288.640701225995,34.2161613739769,8.43580020772058,117.256613537621,9.89320923692863e-14
"2","fixed",NA,"SVL_mm",0.669546490101915,0.388079879438121,1.72528009200403,116.530344702382,0.0871279684070948
"3","fixed",NA,"SMI",-0.441331716931549,1.22173367613378,-0.36123397885549,115.790996247225,0.718582806598859
"4","fixed",NA,"VPD_kPa_int",-3.60215046665386,3.71763003195948,-0.968937316432008,15.0834775475949,0.347857785316888
"5","fixed",NA,"solar_rad_W_sqm_interpol",0.0348912820507276,0.0129838685186047,2.68727937291813,34.4673710540059,0.0110113015043486
"6","ran_pars","capture_date","sd__(Intercept)",16.8512998679216,NA,NA,NA,NA
"7","ran_pars","Residual","sd__Observation",13.285371187527,NA,NA,NA,NA
