"","term","estimate","std.error","statistic","p.value"
"1","(Intercept)",-62.5050564988287,16.0298481579567,-3.8992918637101,0.000161406774676775
"2","cloacal_temp_C",-0.124925582100095,0.418212095084692,-0.298713460390945,0.765688581845872
"3","osmolality_mmol_kg_mean",0.0470362397983287,0.0177199793420226,2.65441843302736,0.00905019238436473
"4","temp_C_interpol",4.60808496039477,0.762842810745067,6.04067429814809,1.86676628839384e-08
"5","VPD_kPa_int",-31.2551234995728,5.35146406747308,-5.84048086757149,4.76868926877541e-08
"6","solar_rad_W_sqm_interpol",-0.0108066809579202,0.00425085380249716,-2.54223773858602,0.0123210437758202
"7","temp_C_interpol:VPD_kPa_int",0.363208835500207,0.0864997810305309,4.19895670454944,5.25574637399964e-05
