"","effect","group","term","estimate","std.error","statistic","df","p.value"
"1","fixed",NA,"(Intercept)",280.987226192696,26.7700210826323,10.4963393687797,109.791954565004,2.88621044532541e-18
"2","fixed",NA,"SVL_mm",0.703580230649257,0.375103084918121,1.8756983318408,117.63141855589,0.063175700737993
"3","fixed",NA,"VPD_kPa_int",-3.52646510213326,3.69839680441713,-0.953511829212451,14.9848897066309,0.355459961763412
"4","fixed",NA,"solar_rad_W_sqm_interpol",0.0349892849479032,0.0129342063400699,2.70517448291411,34.5340770319289,0.0105274424400689
"5","ran_pars","capture_date","sd__(Intercept)",16.7915227587004,NA,NA,NA,NA
"6","ran_pars","Residual","sd__Observation",13.2371193470605,NA,NA,NA,NA
