"","term","estimate","std.error","statistic","p.value"
"1","(Intercept)",17.1010094299242,6.09972871022323,2.80356885401521,0.00589601720603635
"2","SMI",1.23501002493984,0.444466791604355,2.77863284337154,0.00633787862128866
"3","wind_mph_interpol",0.609043712032011,0.1234164012503,4.9348685090632,2.61307405215668e-06
"4","solar_rad_W_sqm_interpol",0.00631843602420599,0.00309905771766921,2.0388248944773,0.0436644901582931
