"","effect","group","term","estimate","std.error","statistic","df","p.value"
"1","fixed",NA,"(Intercept)",-186.285145938752,29.7374262151833,-6.2643331871014,84.1937481349458,1.5198127948286e-08
"2","fixed",NA,"osmolality_mmol_kg_mean",0.0691252969406951,0.0198384078288139,3.48441757711502,112.994311881892,0.000702863365084686
"3","fixed",NA,"msmt_temp_C",8.15246235719528,1.24977423016629,6.52314806980023,47.5940571828853,4.10667889291307e-08
"4","fixed",NA,"msmt_VPD_kPa",-18.8558457783544,4.51353273724103,-4.17762468471211,19.4068265276886,0.000490953496716304
"5","fixed",NA,"VPD_kPa_int",-1.54130592526207,0.76511465849204,-2.0144770566804,109.381266788718,0.0464132527259849
"6","fixed",NA,"wind_mph_interpol",0.623131875269828,0.292178174869968,2.13271191644327,75.8439671875544,0.0361840953928113
"7","ran_pars","capture_date","sd__(Intercept)",2.06828489194671,NA,NA,NA,NA
"8","ran_pars","Residual","sd__Observation",3.06074682053888,NA,NA,NA,NA
