"","Modnames","K","AICc","Delta_AICc","ModelLik","AICcWt","LL","Cum.Wt"
"3","(model 6) ~ Wind-C, SMI, Solar-C",5,758.245856272594,0,1,0.504277330752404,-373.868690848161,0.504277330752404
"2","(model 5) ~ Wind-C, SMI, Solar-C, VPD-C",6,759.909900584255,1.66404431166188,0.435168417641656,0.219445568076081,-373.595975933153,0.723722898828485
"4","(model 7) ~ Wind-C, SMI",4,760.296162067148,2.05030579455456,0.358741610596976,0.180905261821661,-375.980013806683,0.904628160650147
"1","(model 4) ~ Wind-C, SMI, Solar-C, VPD-C, Mass",7,762.034226389274,3.78837011668077,0.150440885648847,0.0758639282510282,-373.534354573947,0.980492088901175
"5","(model 8) ~ Wind-C",3,764.750468863576,6.50461259098222,0.0386848860917832,0.0195079110988253,-379.275234431788,1
"6","null model",2,861.545430913548,103.299574640954,3.70495020379321e-23,1.86832239933942e-23,-428.728271012329,1
