"","predictors","K","AICc","Delta_AICc","ModelLik","AICcWt","Res.LL","Cum.Wt","response"
"1","Day, Day:Humd, Day:Temp, Day:Humd:Temp",8,3585.29119760766,0,1,0.367787177742296,-1784.45711712844,0.367787177742296,"Plasma Osmolality (mmol/kg)"
"2","Day, Day:Temp",6,3585.56150721785,0.270309610193181,0.873580666480527,0.321291767855107,-1786.67137860892,0.689078945597403,"Plasma Osmolality (mmol/kg)"
"3","Day, Day:Humd, Day:Temp",7,3585.92136328651,0.630165678856429,0.729728421479967,0.268384756654458,-1785.81446754404,0.957463702251861,"Plasma Osmolality (mmol/kg)"
"4","Day, Day:Humd",6,3589.60549095453,4.31429334687482,0.115654651174228,0.0425362977481391,-1788.69337047727,1,"Plasma Osmolality (mmol/kg)"
"5","Day, Day:Temp",6,2396.83264467511,0,1,0.825015164415113,-1192.30890545776,0.825015164415113,"Hematocrit (%)"
"6","Day, Day:Humd, Day:Temp",7,2400.53795249568,3.70530782056903,0.156820426220849,0.129379229722242,-1193.12538650425,0.954394394137355,"Hematocrit (%)"
"7","Day, Day:Humd, Day:Temp, Day:Humd:Temp",8,2402.70249578562,5.86985111051581,0.0531346747563243,0.0438369124302324,-1193.16615791852,0.998231306567588,"Hematocrit (%)"
"8","Day, Day:Humd",6,2409.12296600921,12.2903213341037,0.00214383142116722,0.00176869343241256,-1198.45406612481,1,"Hematocrit (%)"
