"","tmt","VPD_kPa","CEWL_per_day","osml_per_day","hct_per_day","SMI_per_day"
"1","Hot Dry",3.82,3.69861274509804,1.5871004142,-1.4520009,-0.301520621
"2","Hot Humid",1.07,15.3474646464646,0.4808456917,-1.4520009,-0.2396454835
"3","Cool Dry",2.5,3.58741919191919,0.130132265,-1.1548508,-0.161245235
"4","Cool Humid",0.64,9.51092929292929,-0.6460149516,-1.1548508,-0.119395142
