"","effect","group","term","estimate","std.error","statistic"
"1","fixed",NA,"(Intercept)",55.9225547406029,9.52325168737783,5.87221219982277
"2","fixed",NA,"day_n",1.7337986914027,0.145062358901096,11.9520922211448
"3","fixed",NA,"cloacal_temp_C",-1.32742409398355,0.356403304533603,-3.7244999614149
"4","fixed",NA,"day_n:temp_tmtCool",-0.744691205053208,0.164334269365256,-4.531563671592
"5","fixed",NA,"day_n:humidity_tmtDry",-1.39785034778713,0.165302513515487,-8.45631635030261
"6","fixed",NA,"day_n:humidity_tmtDry:temp_tmtCool",0.660303649791784,0.231181289611428,2.85621579022087
"7","ran_pars","trial_number","sd__(Intercept)",2.79975350891336,NA,NA
"8","ran_pars","Residual","sd__Observation",5.32931414479374,NA,NA
