,effect,group,term,estimate,std.error,statistic,df,p.value
1,fixed,NA,(Intercept),55.92255474,9.523251687,5.8722122,257.7582821,1.32E-08
2,fixed,NA,day_n,1.733798691,0.145062359,11.95209222,258.1415801,1.69E-26
3,fixed,NA,cloacal_temp_C,-1.327424094,0.356403305,-3.724499961,260.6307906,0.000239896
4,fixed,NA,day_n:temp_tmtCool,-0.744691205,0.164334269,-4.531563672,256.9943842,8.98E-06
5,fixed,NA,day_n:humidity_tmtDry,-1.397850348,0.165302514,-8.45631635,257.2239164,2.09E-15
6,fixed,NA,day_n:humidity_tmtDry:temp_tmtCool,0.66030365,0.23118129,2.85621579,257.0031488,0.004637615
7,ran_pars,trial_number,sd__(Intercept),2.799753509,NA,NA,NA,NA
8,ran_pars,Residual,sd__Observation,5.329314145,NA,NA,NA,NA