"","effect","group","term","estimate","std.error","statistic","df","p.value"
"1","fixed",NA,"(Intercept)",37.8194278011771,1.42858634550047,26.4733230303472,7.0369977020953,2.62132774082361e-08
"2","fixed",NA,"day_n",-1.45263502312272,0.0847575920170234,-17.1387009535496,264.864292922202,8.12680208961221e-45
"3","fixed",NA,"humidity_tmtDry",1.11263972524264,1.025807887899,1.0846472700863,126.94951627458,0.280133446684904
"4","fixed",NA,"temp_tmtCool",1.64235212299128,1.12462999032371,1.46034885884428,181.334607142504,0.145924620899715
"5","fixed",NA,"day_n:temp_tmtCool",0.297784276854067,0.118930264836486,2.50385616532077,263.608497462406,0.0128896764405639
"6","fixed",NA,"humidity_tmtDry:temp_tmtCool",-1.44867088352627,1.44435219590975,-1.00299005161535,125.922016954197,0.317789151153084
"7","ran_pars","individual_ID:trial_number","sd__(Intercept)",3.52153723705674,NA,NA,NA,NA
"8","ran_pars","trial_number","sd__(Intercept)",2.63972691186191,NA,NA,NA,NA
"9","ran_pars","Residual","sd__Observation",3.86308651231118,NA,NA,NA,NA
