,tmt,temp_state,humid_state,CEWL_per_day,osml_per_day,hct_per_day,SMI_per_day
1,Hot Humid,0,0,1.733798691,0.932370287,-1.486533565,-0.238633501
2,Hot Dry,0,1,0.335948344,0.932370287,-1.486533565,-0.303676528
3,Cool Humid,1,0,0.989107486,-0.168635177,-1.120571865,-0.123081504
4,Cool Dry,1,1,0.251560788,-0.168635177,-1.120571865,-0.156237924