"","tmt","osml_per_day","hct_per_day","SMI_per_day"
"1","Hot Humid",0.4808456917,-1.4520009,-0.2396454835
"2","Hot Dry",1.5871004142,-1.4520009,-0.301520621
"3","Cool Humid",-0.6460149516,-1.1548508,-0.119395142
"4","Cool Dry",0.130132265,-1.1548508,-0.161245235
