"","effect","group","term","estimate","std.error","statistic","df","p.value"
"1","fixed",NA,"(Intercept)",11.6686524178233,0.229211545846078,50.9077864064452,3.94104114389197,1.05423292047559e-06
"2","fixed",NA,"day_n",-0.247165397959415,0.00525854248356359,-47.0026435522714,694.271236198488,6.78600687111875e-218
"3","fixed",NA,"day_n:humidity_tmtDry",-0.0491700040683712,0.00601004300764382,-8.18130652406892,707.415400781252,1.30304814059269e-15
"4","fixed",NA,"day_n:temp_tmtCool",0.131705910291063,0.00600929549990223,21.9170300900007,707.696724422518,1.15014570460507e-81
"5","ran_pars","individual_ID:trial_number","sd__(Intercept)",0.968520222267783,NA,NA,NA,NA
"6","ran_pars","trial_number","sd__(Intercept)",0.474726954152206,NA,NA,NA,NA
"7","ran_pars","Residual","sd__Observation",0.223548508445026,NA,NA,NA,NA
