"","tmt","VPD_kPa","mean_delta_CEWL","CEWL_per_day","osml_per_day","hct_per_day","SMI_per_day"
"1","Hot Dry (3.8)",3.82,3.69861274509804,0.462326593137255,NA,NA,NA
"2","Hot Humid (1.1)",1.07,15.3474646464646,1.91843308080808,NA,NA,NA
"3","Cool Dry (2.5)",2.5,3.58741919191919,0.448427398989899,NA,NA,NA
"4","Cool Humid (0.6)",0.64,9.51092929292929,1.18886616161616,NA,NA,NA
