"","effect","group","term","estimate","std.error","statistic","df","p.value"
"1","fixed",NA,"(Intercept)",38.1887660273829,1.38058938625493,27.6612049951912,6.13830197602916,1.11933497173914e-07
"2","fixed",NA,"day_n",-1.45226667465078,0.0847593392861595,-17.1340018325028,264.831784749536,8.47478329240158e-45
"3","fixed",NA,"temp_tmtCool",0.917718227204799,0.861856653951815,1.06481538779894,236.998971401237,0.288043116292709
"4","fixed",NA,"humidity_tmtDry",0.385188633030487,0.725417926150168,0.530988577956301,127.17988906987,0.596352768356036
"5","fixed",NA,"day_n:temp_tmtCool",0.297415928382123,0.11893328495238,2.50069548235556,263.574067507607,0.0130025974090573
"6","ran_pars","individual_ID:trial_number","sd__(Intercept)",3.52126061712133,NA,NA,NA,NA
"7","ran_pars","trial_number","sd__(Intercept)",2.64047634030831,NA,NA,NA,NA
"8","ran_pars","Residual","sd__Observation",3.86320366582402,NA,NA,NA,NA
