"","effect","group","term","estimate","std.error","statistic","df","p.value"
"1","fixed",NA,"(Intercept)",26.1039879864268,1.61282286874081,16.1852789245276,7.05443749092733,7.74815597026691e-07
"2","fixed",NA,"typerehab",-1.33617874214327,0.698675244604571,-1.91244609346293,128.842193806125,0.0580386303466448
"3","fixed",NA,"humidity_tmtDry",1.27413113430956,1.17359652359485,1.08566369164657,126.505831925657,0.279692285850806
"4","fixed",NA,"temp_tmtCool",4.03026224272196,1.26472390201062,3.18667357856903,167.227264824304,0.00171761832346679
"5","fixed",NA,"typerehab:temp_tmtCool",-1.36630537954629,0.973562372539382,-1.40340816170051,127.041264515845,0.162934682092664
"6","fixed",NA,"humidity_tmtDry:temp_tmtCool",-1.64574479576299,1.64876002206571,-0.998171215784971,124.60183997017,0.320130848754291
"7","ran_pars","individual_ID:trial_number","sd__(Intercept)",3.8505422376989,NA,NA,NA,NA
"8","ran_pars","trial_number","sd__(Intercept)",2.97549778218071,NA,NA,NA,NA
"9","ran_pars","Residual","sd__Observation",3.90296227257161,NA,NA,NA,NA
