"","effect","group","term","estimate","std.error","statistic","df","p.value"
"1","fixed",NA,"(Intercept)",9.58895691731457,0.335253066867086,28.6021452597664,5.81549049194927,1.76528502155173e-07
"2","fixed",NA,"humidity_tmtDry",-0.105573711630328,0.1879606291363,-0.561679922627684,127.429789435684,0.575320655372933
"3","fixed",NA,"typerehab",0.265442722911969,0.0938425769131585,2.82859584256311,131.000746471373,0.00541096468809034
"4","fixed",NA,"temp_tmtCool",1.19989193710771,0.198161270275579,6.05512840848791,157.482600214332,9.91068747634313e-09
"5","fixed",NA,"typerehab:temp_tmtCool",0.366592307902206,0.131817975361869,2.78104945016665,130.648199675416,0.00622014161080695
"6","ran_pars","individual_ID:trial_number","sd__(Intercept)",1.01337274956526,NA,NA,NA,NA
"7","ran_pars","trial_number","sd__(Intercept)",0.645737619665903,NA,NA,NA,NA
"8","ran_pars","Residual","sd__Observation",0.535798380417303,NA,NA,NA,NA
